temp_mean,temp_std,temp_roc,vib_rms,vib_peak,vib_kurtosis,label
3.9692168712796745,0.10154766153052674,1.0983392659851048,0.44958841763835766,0.4787760175677384,-0.20299846458057233,0
4.029647115534651,0.04539196284422828,0.05359042639526052,0.4351790350030023,0.46234181182255474,0.00822625695948051,0
4.059693864390559,0.10030935578024346,-0.03297006975400765,0.44269061525047815,0.5029922088406175,-0.02566062092739713,0
4.024919364349421,0.09868573604576969,-0.004102311785675387,0.42328273096118013,0.4220441360230389,-0.9649715741665262,0
4.02100899422546,0.14876549795545813,0.10069329830843457,0.4860702000494077,0.4761345381558383,-0.970971717056669,0
4.045205545715503,0.07757999270721855,-0.19095654889437916,0.4171487516397717,0.44143658504592304,-1.3753031734271952,0
3.9643624328767397,0.1343084630905496,-0.155517880605708,0.5118501503469305,0.45399996028924633,-1.2727866389383937,0
3.9309500124693626,0.08329301621045328,-0.5800770595840972,0.423824149669118,0.4640783083135966,-0.9445128966528199,0
3.9291608210639506,0.11998624927891695,0.19964956857661526,0.4822839486832755,0.5300252713861031,-0.4971524403096957,0
4.0295513530421765,0.10629560054911219,0.16782129053327616,0.4231847413015406,0.5036299350663812,-0.55162070473406,0
4.006750370012097,0.08121608968344879,0.6037959846673732,0.4106753130656668,0.4543828074751414,-0.39023575944580957,0
4.022359667778546,0.04169421125471083,-0.33048798044718125,0.4581549474294462,0.487203636718456,-1.1602981995702057,0
4.03897420318143,0.1370835141405347,0.25423165169454465,0.43666668825333754,0.46306051576209395,-1.3483462728843443,0
4.044525041899499,0.11082348689130044,-0.07324158485386817,0.41485267746581167,0.48415369497882144,-0.0992690097433064,0
4.045911697469762,0.08344714673135355,0.19431583218828316,0.4195577597596879,0.4560750336230991,1.607416806821917,0
4.096089985768312,0.1328447290487299,-0.07585328424778709,0.4622613912163808,0.42519211174658017,-0.7447724151093912,0
4.095305927448275,0.12070761257490982,0.2605769371623848,0.46285385180399163,0.47740118920883634,-0.8482829962247864,0
4.090340562688935,0.1402460915415959,0.013254794314957977,0.4649480608229746,0.5031457474645428,-0.9857503147517775,0
4.113899989702521,0.06152319271801467,-0.10722621578714364,0.3982329045815769,0.4166441090357482,-1.2601742786857306,0
4.066805078700626,0.13864763983957668,-0.05242942144794535,0.4955791401031285,0.5088979492966239,-0.19411200423619535,0
4.0638852049228,0.08325810769248718,-0.23441340763910537,0.45236538085737127,0.47694211065455544,-1.1683502073216712,0
4.043530685043696,0.0762383852665452,-0.20685035380575542,0.4439219848358637,0.4953851142986956,-1.0654345518827204,0
3.971400363875437,0.1140318505122984,-0.7277329017229625,0.4072667622416811,0.4130326343327346,-1.234808241726502,0
3.9575641332527787,0.06356931689143752,-0.034712595643880115,0.4372418829551374,0.4634809422085972,-1.0680492257287844,0
3.8681200845015598,0.08089416070425226,-0.052364380991577975,0.4006182345026318,0.444430002069659,-0.9374919244370928,0
3.937052551856922,0.1016356484866168,0.3388952562167618,0.40725994884883543,0.4229639641042375,-0.6091946565682185,0
3.9147275329699913,0.08655294262375746,0.007218191705588522,0.46841763788744667,0.4954055319380656,0.15544104139783893,0
3.964836671582553,0.0847681202119114,0.06270523285730414,0.39291882604202966,0.45513595339211216,0.06151503350864113,0
3.9728402242025758,0.06697602202657787,-0.04174488266417825,0.4556537036964889,0.5129061808649464,-0.6942348832265512,0
3.9683156874153527,0.10448952768301258,0.10869930543052594,0.4554120230742627,0.5358828929991947,-1.1621224241102763,0
4.008614589645282,0.07550066672030847,0.1896652841558025,0.48762763268544035,0.5369536855202564,0.44895608068568477,0
4.02523442936303,0.07163015240217047,-0.020121722687034594,0.4422627646328172,0.521528885028231,-0.8118768695355937,0
4.009202892069004,0.1370586917770932,0.1275449588397323,0.49275293311471074,0.513293408512659,-0.892831686389787,0
4.035314163657223,0.13367254192818553,0.4324289535779505,0.49239984883805366,0.5258793124884557,-0.7609679214602106,0
4.007821910187839,0.08336885192155853,-0.22776165455990105,0.3959261107781339,0.46065010697301206,-0.790299489346826,0
3.9626884927779797,0.12172506997648856,-0.4937144397362337,0.3973928713267689,0.46204105580086724,-0.6098273929763257,0
3.9086593761002235,0.06595996688118055,-1.3055908960304308,0.3939891238569356,0.4630159001496799,0.07105156486631206,0
3.9208600770690683,0.10250095429090934,-0.14935443496057585,0.37584651685944787,0.47492087250974635,-1.1397099769668089,0
3.822810917563138,0.1421457084599903,-0.005252528553051021,0.4403137079920984,0.48268540691060147,-0.08894313254564283,0
3.940747588599552,0.14689137189132803,0.8483831989839877,0.41705898898317767,0.4571942131138326,-0.06908922747011544,0
3.936362519834257,0.12354199650385851,0.044997788089393906,0.4471501521743627,0.47654065258777856,-1.5157055142207672,0
3.955733371318909,0.10946598767879008,0.417961322019074,0.4524329646460079,0.4820223414861707,-1.0691283822286437,0
4.0116364435368626,0.11274845707361371,0.31953250118703097,0.45209551279659554,0.5218352005235373,-1.4287313745956505,0
4.066202694140299,0.11846460126537849,0.6140731231340056,0.45342815285248517,0.49844755763059134,0.1811120704390397,0
4.089327764389695,0.07420918836899602,0.05375301270374912,0.43831240026017343,0.5367257940990485,-0.9497555971126862,0
4.05889903079716,0.08967823232575953,-0.3148653701727624,0.4797922087415491,0.5627204872449869,-0.8163679763945835,0
4.035990751891651,0.07075474227866474,-0.4616731718403375,0.38384252362529325,0.5183222980542075,-0.7519593501003947,0
4.048244037052696,0.09483160185036353,-0.008179690639188242,0.4706349731500977,0.5036502913060308,-0.46964341226595097,0
3.9347235939096916,0.08101560749623823,-0.2992362225048904,0.45050982971933795,0.544698511971518,-1.0892498666299142,0
3.9893261445309016,0.2117923818330069,-0.04055431337485195,0.45298455449418995,0.456134067896482,-1.1788384115375534,0
3.907373041980417,0.10785108167311772,-0.4695114327457216,0.43417989160372616,0.44590260174628116,-0.4914754862073534,0
3.9496169031808788,0.12788803308103497,0.41373180805893983,0.43493654264609244,0.4546457245471451,1.0306412396604596,0
3.959901527978634,0.11302617313697289,0.4051227445868659,0.45255447205520544,0.5103668041135369,-0.857974603302861,0
3.964001518154862,0.06840982259689828,0.584654493990295,0.42776560215167747,0.47690693877388585,-0.7781750572249788,0
4.054896976170127,0.08137017324737912,0.13468238062641177,0.45889002190787254,0.5252522757486138,-0.47663888435156265,0
4.038243368203384,0.14229559720458923,-0.5255161912384911,0.46317589943931764,0.45741483159340635,-0.962300173532978,0
4.082913071850244,0.10954092074482819,0.035928815865974635,0.40485181183095986,0.4852770249492764,-0.11473577708224192,0
4.0101121343408686,0.1372082579585222,-0.24359432017944055,0.4086170780638236,0.5349689292690186,-1.1767436452566484,0
4.016344680146417,0.06040174739680179,0.21824478197478392,0.423750930141232,0.4834093279286498,-1.2368284056547243,0
4.05870285804932,0.08214417706577581,0.0074908036390554,0.43426730630224447,0.4908497551134431,-0.921301938179257,0
4.050860695057514,0.12715908103038193,-0.6091470781204991,0.42947670933762644,0.46413146389213106,0.09708682925766664,0
4.025538708431414,0.1779366151787009,-0.3411814077199449,0.4694239531071842,0.5058980083838689,0.2702760642516957,0
3.922340191795001,0.1810279186208042,-0.2877499655357781,0.5200425542345438,0.5257802986768367,-0.8448700963196131,0
3.954988734384526,0.18263739656526284,0.29449519250193146,0.4515619406047842,0.46556397586633563,-0.06981266870077936,0
3.994521010782514,0.18341632163906102,0.7423464840620072,0.4521425398057918,0.5115284192460787,-0.3495203132645468,0
4.0121218890108175,0.15736289302272524,0.10111856696659774,0.48406097022546046,0.49687295738552467,-1.1391621309919528,0
4.054743043539039,0.09338231707552185,0.30789645333036136,0.487206452833374,0.482791677653578,-1.1496404193498144,0
4.078794611629059,0.054869509540674655,-0.003764014686793082,0.43947577476356986,0.5226239972241541,-1.0444553875441187,0
4.1224028397848205,0.041080630799095914,0.2721001651118997,0.4366386706179318,0.5095302504874646,-1.398545503137122,0
4.040867733964885,0.13530528038114042,-0.5607221792851144,0.49601312476427667,0.5316641227975398,-1.0783995692113906,0
3.9277587460531276,0.13891005438731,-0.6045172705204362,0.4970713632303085,0.5198338166493404,-0.4294499261424437,0
3.9314161634615745,0.10733674538944035,-0.6435897468225853,0.43300332556654925,0.4418669448515027,-0.8792698590112852,0
3.889670699655556,0.16999017600746646,0.5424531699629443,0.4032127531030595,0.5234175293071364,-1.2605372906735763,0
3.9197325292737437,0.14127160295259872,-0.4797152749025049,0.4491763916893167,0.4678523330756158,-1.2798176952610791,0
3.886493701267266,0.17552898782930565,-0.21401593129734436,0.4699645985016505,0.4700340195574065,-1.1196375958038334,0
3.9551587788568767,0.13369983057488244,-0.5912300454547663,0.5083075716033302,0.48072678994761864,-1.356756773538256,0
4.0297721089019864,0.19456586065683082,0.44719467917789946,0.40447023696868883,0.39548818016363896,-0.672170198930926,0
4.027906921924972,0.17606489458673133,0.44539796780832047,0.42864759588671486,0.5056571036403256,0.4049143997824047,0
3.9815890218406254,0.14054869450644444,0.45346727052587077,0.4217380317632867,0.5234598822461727,-1.3289129902443477,0
3.956452753758585,0.1275867849390347,-0.06199661799814425,0.4445515806733133,0.4806441287412908,-0.5449910256829573,0
3.9291280077523805,0.1343718235194076,-0.5354633410170923,0.44263747962272393,0.43518870031956797,-0.3759662392304483,0
3.899399932662531,0.06649724190588441,-0.35566579071611815,0.4713420851401944,0.4651871844336434,-0.19896401994697765,0
3.895782943163,0.1461474974066666,-0.09846328385087635,0.4520323359712168,0.4724453718029858,-1.2850380436733413,0
3.9847719579806586,0.16420171587590623,0.998869865707927,0.42163366873271096,0.44163792025266924,-0.1858006908098373,0
3.9904593424882306,0.16096046035506134,0.6044362736646104,0.393561749803901,0.4732303605443851,-0.8788796640244594,0
4.080227030169019,0.12289291818096165,0.611591878701152,0.38142811434189283,0.4338328460499642,-0.7797807229069097,0
4.05313614584173,0.10101697063718296,-0.7996104104539716,0.4573079061297754,0.4766839069875172,-1.025497300999225,0
4.0387046329309975,0.18818486222247735,-0.19082599433664746,0.4142291887526674,0.4654712064675156,-0.9028379477052879,0
3.9923762086355277,0.10153384698053658,-0.1188704639989129,0.4357279001069492,0.39622696000980306,-0.6925048013318238,0
3.9629375928957518,0.16983382175071607,-0.48109648966341867,0.4346636281451915,0.5151406149020611,-0.5737754824643393,0
3.931439063430541,0.08948077585782384,-0.576405807312981,0.4397196100668256,0.4328761107069488,-1.0763474144211447,0
3.9911529842583287,0.15475759251216248,-0.06273697926688496,0.39227303069415714,0.5459068946451929,0.28631125665061585,0
3.94988978582917,0.22211006940882522,1.5019779527021353,0.4354266816626071,0.49808312611075845,-0.3343111048365997,0
4.067219737290177,0.14072549551699273,0.7224986497812239,0.48931462660959185,0.5221156709889767,-0.7026590888717278,0
4.065107285940658,0.17498436060183073,0.01335818653989162,0.46642305442855253,0.4645102775554736,-0.3326774453903645,0
4.053617534940945,0.15859493954951231,-0.5562032977705342,0.46330899389954966,0.5410914150886595,-0.800437027905268,0
4.0186397522772355,0.13695097859645686,-0.06500942222162392,0.5084845847501437,0.5160585879216795,-0.8893675934702775,0
3.928274939686369,0.04676757945379877,-0.20643551155473855,0.49725212605201,0.4484463202874751,-0.8144370325267638,0
3.984741371710288,0.11865588665536994,0.2787740359226467,0.49012597467205893,0.4498445595919092,-0.7552689966652932,0
4.007850866309312,0.06263541142108314,0.03300313733054933,0.44494384238813117,0.4869538379620347,-1.02991534371857,0
4.047366756601899,0.12285956848791393,0.0364796102253683,0.45787193441783364,0.500648748446373,-0.44038862886668356,0
4.055490795231487,0.14618069686015542,-0.13143601920305428,0.4178518668802955,0.4534995098145793,-0.6586142419293776,0
3.9226409611751047,0.17466825742584716,-0.5383665617846577,0.451299218228089,0.4388663056292524,0.3530853716291793,0
3.92373965776162,0.16036010316952337,0.3702654032369024,0.41843732785149823,0.5129607137920017,0.5290336557008071,0
3.935886643097294,0.126638528821076,-0.3236640212328016,0.4838509032703044,0.4953778671947729,0.34014673189044786,0
3.9997785711789318,0.08896471783231694,0.2509255823101517,0.45099241109351934,0.5091202924420434,-1.2267420195228862,0
4.005513935704294,0.07798892556750012,-0.10124194696039727,0.4573175523747892,0.5405399118228803,-1.2930547998142214,0
4.041606071185188,0.09577710390950174,0.196832834530069,0.447656208792597,0.5229976166522663,-1.1368377539032883,0
4.088818980057681,0.10462469238351299,-0.18033709976253612,0.45432986581703294,0.42443336203117954,-1.008724336351841,0
4.035238664199266,0.13595617173604663,0.2781615577031585,0.46606187340271954,0.5064860988608318,-0.014783971949021896,0
4.0939835997567995,0.16662380772660434,-0.06624436311681603,0.43235443429522774,0.48590991318040716,-0.8151061512224294,0
4.04650149091721,0.14587721772909448,0.4977206287643251,0.4406561282170381,0.5226179809918875,-0.8904993476919406,0
4.09709260287504,0.14047755128911094,-0.4874092713731935,0.495190729515652,0.4380892691349494,-1.2145308402758086,0
4.047295759351204,0.1524655266845157,0.0006389618928859184,0.38648069903402205,0.4628843248572267,-1.2644472019859525,0
4.062414227235783,0.16572244971138025,0.017760070784630315,0.5034548246806162,0.5011925319665805,-1.0784037778209676,0
3.9577623508823123,0.08181830541942593,0.09923880639812226,0.49181500000100997,0.46728978436062085,-1.3003396319969909,0
4.047021569018074,0.07147126382171208,0.05374709712467735,0.43998160909361606,0.4216546758001125,-1.325138948737916,0
5.075236782105432,0.6357283673983319,3.937335431324311,0.470463848460224,0.5191687337582417,0.7409773624893822,1
5.8052374716590975,0.6866402984994121,3.591633744462741,0.4704034715643299,0.42274852433683957,1.3636930225984367,1
6.255583179260662,0.36574245789565973,1.8554752937285102,0.390309728978397,0.4166571249900159,-1.2864845000245038,1
6.431581856093933,0.18280538737356544,0.5402477868424651,0.3934748055974468,0.4378221800576154,-1.479183347003943,1
6.527675659012768,0.16235150630366757,0.5374464730084841,0.4402548186376267,0.507818150067493,-0.7321109489120298,1
6.436864678562506,0.14423953623051458,-0.7374127898821186,0.45655200119903394,0.4828113271490195,-0.9453772403019193,1
6.426319468835257,0.12881572546502384,-0.11287888550288536,0.4687307660863928,0.44937433750464645,-0.8773369522279355,1
6.479380072604486,0.17158943137498892,-0.2972265939072301,0.444745381185997,0.48918771418536416,-0.8920265318822984,1
6.456930214344077,0.17728965411819664,0.8284579050602902,0.47692826214633577,0.4853298232562208,-0.32092830784542714,1
6.492204596254123,0.09731093506474492,-0.5064636997130648,0.433495503431647,0.4412905046479747,-0.027849747408733135,1
6.465528197830788,0.14887712391287655,-0.10677160115172238,0.4424278770431538,0.45364973958596827,0.7793008903964801,1
6.383932202894819,0.04334615059474359,-0.25504694502016356,0.4266722556746582,0.5221853193397258,-0.2993791347736307,1
6.37537756311952,0.04280901876319708,0.2332767228863126,0.47269663380945554,0.48151031380706233,0.3933956333313484,1
6.431705358898895,0.07441504960290453,0.23778032358287882,0.5320274856991303,0.49997778811091453,-0.3135057451829922,1
6.520329820606364,0.012362208405700154,-0.05121546368941818,0.4751757190989644,0.49286481012656397,-0.24012147058273142,1
6.564508753833634,0.09956187350044862,0.6999825413775331,0.4743680314099151,0.5046643159991097,-0.8779993512878704,1
6.526079205932647,0.1300727328145502,0.14000141322348536,0.48853209853637025,0.4797175128630821,-0.5178734960031737,1
6.5257629593958075,0.1669329872432897,0.6540117337828366,0.4150818090813888,0.5375992564088602,-0.8401639518448962,1
6.511722554303771,0.14051549094686316,-0.9263592438734582,0.4983175272873777,0.47041075083587686,-0.9243954132988601,1
6.5158606314240926,0.1852107483757361,-0.6657897855656137,0.46835624959858496,0.4881072238792875,-0.09543639437092827,1
6.5084595136804095,0.14111561457184538,-0.32308566044629183,0.4093322255663598,0.457950249446356,0.3567252162562823,1
6.386567460177706,0.08489307559235101,0.41050769885600846,0.48532358161893635,0.47649365909929525,-0.4697622496632607,1
6.473403129092703,0.11532034651977693,-0.20004222689532292,0.4459378333473739,0.528153314033299,-0.7375989802466443,1
6.477777543231529,0.120840976396632,0.0896050929093215,0.4635673739901558,0.48607165649778133,-1.0216862467235188,1
6.527336035393431,0.12548049126397254,0.11715108582843588,0.46112750103861194,0.4905434815912015,-0.9681876460844213,1
6.455013493692893,0.13597170208144727,0.5464061029617874,0.4637967991096606,0.42184578074028556,-1.2704434711705757,1
6.426845266837197,0.14886109373045836,-0.0984213883331143,0.4177566069185636,0.5021992210367735,-0.7958448693868762,1
6.37489684368392,0.13300682381001647,-0.13351313979758994,0.4167990394852655,0.4918385511043792,-0.9322025796837369,1
6.391460008073634,0.11589783520267649,0.17392276206615204,0.43877198257450445,0.5045419297654369,-1.0152243239463692,1
6.529757764550447,0.12863244777717017,-0.042498119997116925,0.45411277350499357,0.4768850827157533,-1.4526518435478477,1
6.516981858196987,0.08726613220863347,0.3021759006618977,0.4435976032597733,0.4670846385647466,-1.0484855974933642,1
6.538220664366106,0.1453505837686813,-0.12917952209535688,0.4568343526917491,0.466492111845816,-1.0356732303363592,1
6.476547997485126,0.07148885087826017,-0.051920971095800565,0.45446678263599344,0.48475453474559105,-1.0812261892270165,1
6.476923117162369,0.1109956792851073,-0.40233697078897535,0.3666268519297469,0.46201795213211216,-0.16831656233945136,1
6.479916416953944,0.06263149187522493,0.0722659634990471,0.42292160448648675,0.43820293790915404,-0.6810699936504945,1
6.48769466114684,0.09372994605280086,0.16810525058365924,0.42015610496323264,0.4452131398444964,-0.7789059878929113,1
6.598872188684455,0.09524131502836859,0.26784856656842815,0.45187820033875703,0.4775195990213616,-0.6009370207098348,1
6.57498553412938,0.044667411902460805,0.0686526119518275,0.385777068913037,0.47874454256024707,-0.477945960504144,1
6.5339578230685165,0.11889883720109724,-0.5500570618548177,0.42469475383032584,0.44880701915476356,-1.0242156492008876,1
6.502793839626309,0.17971189043024693,0.2736899027011042,0.48710976734503864,0.5051599411984519,-1.1195480993925317,1
6.4493335442647375,0.13456513503747528,-0.6181089352699245,0.43108900772451514,0.43357436370370367,-1.2945314030182762,1
6.470782019987723,0.13089326556184805,0.1188536385927009,0.42409491322781423,0.5075601433022844,-1.1355280653941933,1
6.437142236443297,0.13668335625592146,-0.70312553622941,0.458968359625942,0.45038985071387916,-0.9213342374223077,1
6.401095106938113,0.14358162171703043,0.04243467237127718,0.45449867808512695,0.45405018077398657,-0.9271377671095978,1
6.495273879312795,0.15462693067658442,0.4248683188669644,0.4318689703486298,0.4778287804953472,0.16080989611725022,1
6.483805671121627,0.17307185810915995,0.6025773742778522,0.4488471875940415,0.5061612934921282,-0.4857178440954204,1
6.54607327019068,0.08806974412907392,0.3116608101622633,0.4169678247505751,0.46298751072456323,-1.130674478723927,1
6.610472993070174,0.15046228895369243,-0.0617699170249411,0.4255654670814098,0.5053847658698108,-1.490045628537118,1
6.5399639865929995,0.048714592927332205,-0.28994606251716737,0.42678186290519227,0.4623687320905229,0.47392119699653923,1
6.482491621492577,0.10803280078019808,-0.016962534889367577,0.43301109168416435,0.47419544012972986,-0.877680569257731,1
6.459922702370885,0.11347136351382528,0.4214737060664582,0.4268529552368227,0.45478213073483265,-0.9701583450541232,1
6.481404748618237,0.1348261226607512,-0.0666469627816977,0.49576244523101787,0.5236266765049254,-1.3183722846455483,1
6.491970174460606,0.13765707467208144,-0.09389955795415911,0.41634167004430794,0.47538470828469664,-1.2457846185058643,1
6.4693351167640705,0.15219237769652502,-0.820153884931612,0.4505400170096919,0.4694429109641094,-0.6967012132843483,1
6.3936707773269426,0.09159078812330348,0.46428898890601483,0.4769985720783037,0.5187151258786886,-0.760635170109679,1
6.42494035506418,0.1472457178680608,0.4711618007774453,0.5043089517381902,0.5029747655071115,-0.1450588900532619,1
6.460395242150533,0.1076763903819388,-0.041802040736311025,0.48376083684705373,0.4611509274446876,-0.04272520139722781,1
6.421098826163162,0.12174020701285092,-0.6311015634275593,0.4639942264236747,0.503724807550345,-0.23777377771142932,1
6.445376344131528,0.11295238939616108,-0.5693804198881369,0.4800361484616272,0.4749042176169437,-0.6234315965728219,1
6.4472050039919875,0.1713743104623759,0.6274243380799728,0.4610479031651169,0.48674699935377086,-0.5975035185109824,1
6.46052026979134,0.15025711193977823,0.4414241241478914,0.4133579719014135,0.4856813377016524,-0.8086509973118065,1
6.5912714577973155,0.1470120048799501,0.4427869170406736,0.42922207139936236,0.4794614341344791,0.6531184617366843,1
6.567216344321319,0.1025960525844003,0.15729853393190546,0.45007315019907285,0.4871394721613434,0.6731115178118643,1
6.55057176309016,0.15532641871638847,-0.1652689275770371,0.4698116694704204,0.4823755669605742,-0.31970545594958805,1
6.577760535642066,0.13366010466375042,-0.31232875576746333,0.5072656422744186,0.4212125404070467,-0.12427527153253126,1
6.505296344566148,0.09539091314551927,-0.5869139298961888,0.43561028073033303,0.4319145239714882,-0.7862242301983315,1
6.497598733285757,0.06957587642829305,-0.05964299998059548,0.4006555514508121,0.4776546930280516,-0.9603051106620417,1
6.529110149617356,0.0565300534514219,0.0411187665674445,0.5131053248894336,0.5036658095429709,-1.0224169302769848,1
6.551232271117981,0.12876594621220142,0.412183681177122,0.4295816893436024,0.47314788691115883,-0.9105323039195102,1
6.544024656721685,0.11226448215580555,0.271203642342873,0.4945480662931974,0.5128928807241109,-0.7609338222318652,1
6.587126101683813,0.0625657507401063,0.13552217621404813,0.4697680015476854,0.4859503210923758,0.8160588676947265,1
6.551216620207312,0.14122272201436734,0.07376703880741214,0.4786780493374402,0.5074905639739932,-0.27147076820123817,1
6.601245235818041,0.12885456276922955,0.6141564353590494,0.40123605367729254,0.4833376466643394,-0.4060078883923204,1
6.59324442604668,0.12484153369063754,-0.3056136076588969,0.4347796531227954,0.4723804214087862,-1.0241406720489001,1
6.610943766249493,0.12648549304135284,-0.3957523675984843,0.4416301731083681,0.5054750763217352,-0.6385457050393262,1
6.517628348040331,0.05197026137059628,-0.5272283307723212,0.4290313178192341,0.4564979754016964,-0.9174290845185579,1
6.448398984376533,0.043149183469702396,0.42238830015981055,0.43516655217860933,0.5025386091024706,-0.33431049704266197,1
6.502288027075212,0.09122749074453886,0.01707425910386642,0.44705321603451936,0.4900803492992315,-1.2470524866213555,1
6.540554645314999,0.11036084832331516,0.24210312118947974,0.45712308395840273,0.448065019037054,-1.315461356052198,1
6.468961812854862,0.11230192106012094,-0.11890778423227097,0.40746737773254016,0.5121330222387742,-0.8137210117878996,1
6.5149037299756305,0.07775458897587957,0.4268536499564203,0.4749077633820898,0.4602870576901546,-0.2905783518230231,1
6.5504187848401685,0.11318126807915782,-0.512406589002766,0.46121941770784414,0.49379205387388336,-0.3131114495854447,1
6.6470073832952234,0.12335794672369454,-0.549485341312912,0.4962040406074278,0.5150374267294213,-0.7487989358989321,1
6.523424365577615,0.19492893034184341,-0.9737235901327287,0.428514549054459,0.4876320024015355,-1.0050317669248874,1
6.451622862155914,0.1636753836466343,0.20313177656404716,0.4657854932089147,0.5293164860773216,-0.8921762328004595,1
6.467636218187782,0.0920466532400687,0.6909579322405456,0.4358969256008136,0.42276654046076406,-0.5060982522115647,1
6.518151333327294,0.1259303532876295,0.7936561876365364,0.3982343146633819,0.4538747826670816,-1.2230042342007625,1
5.092230767465849,0.5359639982166083,3.959638438447021,1.1266867743357154,1.3049060622089705,-0.3444243813998584,2
5.853640472238593,0.7100549660570321,4.1074459769611815,1.2113188112045385,1.2387875702528919,-0.7573750910054358,2
6.543565644348264,0.7484817436422931,4.634531142209778,1.1748913856909429,1.3100389375320343,-0.6079350002372416,2
7.418089261259394,0.8120301730873711,5.587285127233235,1.2522919633451872,1.3181078792285454,1.2931984358810762,2
8.246310521877815,0.7063801742122232,4.080899184969501,1.2684369239578097,1.286313985952955,-0.5485016475075254,2
8.77177395150078,0.33550788478403687,2.1008339116199846,1.1568631823131275,1.2905864934013274,-0.45386106758420747,2
8.9687498656368,0.11645921973759954,0.12879067539539374,1.2080140868841753,1.2282847404844937,-0.8006168142117247,2
8.99682814377782,0.12698504669136926,-0.010172610402806405,1.16641337850421,1.1551120725882196,-0.9700428462476555,2
9.042810132649105,0.1632439372010693,0.1056091368801308,1.208762366672765,1.1610662905893772,-1.3792828436149105,2
9.047765166560811,0.08848907644449355,0.40482951321259897,1.105504297773313,1.2942697541344208,-0.7913519131033492,2
9.066031494479667,0.1778109099227772,-0.016755638823369664,1.2109477057101454,1.3568975224080253,-1.6514134288752542,2
9.036844821607719,0.13312769843212385,0.08217603562921064,1.1813284567736704,1.3621232411930098,-0.8808657407673789,2
8.965031404568368,0.14208581754430893,-0.5287305465951163,1.2250021259478092,1.3681870699808045,-0.3902113958848076,2
9.048177697058772,0.05043944005100672,0.02985604060205662,1.2744650488027112,1.2067263497580913,-0.4971770096671784,2
9.01467233811638,0.07095927514032528,0.017542068023892257,1.161722346623015,1.2890166207780087,-0.9734982831557706,2
9.052350203610848,0.11860844166826023,0.623180717337438,1.2310619228440027,1.2768684665309131,-0.9272850688129859,2
9.094651409410995,0.10266002358524993,-0.042158508397311445,1.1672897004826188,1.315660831219654,-0.054764926826438305,2
9.055661577093366,0.09621302993465708,0.14276841993104167,1.2000092016440806,1.2995130130355181,-1.2756856027977452,2
9.070569972088776,0.17556076326229142,-0.08111191998693162,1.1250016943356869,1.2560002899521963,-0.21975015091340125,2
9.00616182538989,0.09621183752449583,-0.19180332384762702,1.1852159092430516,1.1784223958878228,-0.16607565383701922,2
8.991220681769317,0.12094462396079492,0.12527005525386958,1.1251670864033914,1.2461614729162376,-0.6464929371779318,2
9.010090809297665,0.01451366648793441,0.0012458004808942082,1.2291601919616384,1.2474050648484856,-0.35781844752788733,2
9.092491943555235,0.19452113849409947,0.9320216603592608,1.20712107749197,1.2667329346952176,-1.4033610179953566,2
9.107056094940605,0.11630343778473573,-0.0571343391719279,1.1665129395574982,1.271773439032533,-1.4521362382058844,2
9.048051689956848,0.0957782455598447,-0.0463677758992824,1.1532166465549334,1.2289716199525371,-1.4597405195923319,2
9.026113027857988,0.12728764723380298,-0.4789152005564487,1.2169845887120407,1.2458199815085895,-1.3889661675360543,2
9.043174294434474,0.08283967635881426,0.07098860964103988,1.1449076338745627,1.2363705131703508,-0.9166860464506389,2
8.930923538406352,0.02640241014335934,-0.23733130459552604,1.1861218453521152,1.1815983929293121,-1.4057087165295998,2
8.971964169961502,0.0850806359431416,-0.1608060650385835,1.1817758966568472,1.320693873776891,-0.9180549505277752,2
9.068917584541532,0.10383594688412594,0.05820430127150998,1.2281170128097485,1.2934841082621156,-1.4509306655681289,2
9.11506512490069,0.09718961330481155,0.5511237155767112,1.1884915342575986,1.2758004370771459,0.26867731522238936,2
9.093087259780415,0.11574508155808563,-0.264206395902416,1.214120220609497,1.2181979770562623,-0.29200178010925526,2
9.01501153205101,0.16562160227234995,-0.5071268935259575,1.2337433880407238,1.2312513772896205,-0.7728260677455959,2
9.046122127336231,0.13393445551858857,0.03295173164402386,1.2186079784544808,1.2396695156803839,-0.9221681424747029,2
9.02627969561161,0.1677711305603781,0.1818540595608494,1.2538769933073304,1.281436792940039,-1.1643075739700015,2
9.076043413462045,0.14815099635715767,0.5145141194618165,1.2470187907511598,1.2977338844702977,-1.1423467920955852,2
9.055458505266909,0.1718808260080543,-0.32427892112030937,1.2088779379575383,1.2815745642117868,-1.0418320823129468,2
8.976866519217516,0.11126861417093266,-0.24348956110014647,1.1852554878304717,1.264412658667243,-1.0408343636126773,2
8.997026345229092,0.16464723432164158,-0.9308642248257025,1.200492916733424,1.2433242951214434,-1.261136458552991,2
8.932648064602406,0.2263204194049022,-0.10419420482611526,1.2321895767015967,1.2887713812202104,-0.75906309951842,2
9.048739719052579,0.1222268285363664,0.2561535815514604,1.2381935044496342,1.3030770732561059,-1.1569168865957533,2
9.01794669079183,0.12633195039708045,0.8262020871119933,1.1553381289093516,1.321579144422773,-1.2835216481107843,2
9.073593785660847,0.08475431394382685,-0.3873516203009505,1.1929763127685964,1.3226643604288686,-1.1173615126863226,2
8.988012452571201,0.07127403680525612,0.06845739027188945,1.1615986151936015,1.2660139143025706,-0.49428424763843476,2
8.996496284751672,0.15077726793442756,-0.2603071404274332,1.1884434763086202,1.269030468997806,-0.8089230733247602,2
9.022942260154286,0.07747434793395144,0.3959006716078064,1.1952268115112294,1.2222553598606656,-0.11323767522391447,2
9.051709067671398,0.09368315788711486,-0.25261694131011364,1.194161931763998,1.2622681248323349,-1.025838199367414,2
9.012787788703834,0.03801244070601531,-0.10428863017057807,1.2130522769302554,1.3291611016124025,0.13528396826084876,2
9.050266024842545,0.09384334542481326,0.22600512264892353,1.1955280258135723,1.328989215701226,-0.6802387504510143,2
9.056329274628444,0.18275775966399627,-0.09683332585141988,1.206221518480983,1.313624348518059,-0.32500569164079474,2
9.01941011701914,0.13246386713645017,0.3704728617748247,1.23302292475245,1.3039950981287298,-0.5158718409065252,2
8.952800556178275,0.16786521083237949,-0.16703560375776888,1.2036486910358697,1.24590724160057,-1.2762825489471925,2
9.04484315184156,0.07275381222039748,0.2810264804971101,1.174357790801416,1.2592482349385148,-0.7776107075421462,2
9.037006281105734,0.11043929982955134,-0.3091749628570618,1.18074325804458,1.2612865850772796,-0.19678867247438583,2
9.034459048486953,0.15429676345355406,-0.37896207935164317,1.2072238552547607,1.25517684836519,-1.0045337045198057,2
8.991790335692073,0.06702209017410213,0.07560565329285915,1.1395077862292615,1.2206295850582143,-1.0897904484483765,2
8.910753917880225,0.05021400447075334,-0.41840855271140526,1.0966902700927401,1.2119990878444395,-0.9610563336087506,2
8.906975280074006,0.10556210383108884,0.22681728378022048,1.138457514640836,1.239452871737161,-0.5998667705308027,2
8.869926387639955,0.16187991262779344,-0.010761967116773963,1.1113427439861194,1.2153109079397795,-0.5179800597873863,2
8.972275822218188,0.18198605472448195,0.5076460677918455,1.20067257177904,1.262071397563852,-0.5791453590679588,2
8.945608210329848,0.1306798394307429,0.10661049677266675,1.2019285090576501,1.3198285307565305,-0.4287714125943123,2
9.050817601225257,0.04103886298749147,0.11267237468174214,1.1767603527717099,1.3569647814215968,-1.1741032602269315,2
9.046768240797693,0.09488040388430798,0.24185340598421512,1.309355963595553,1.4025166133569607,0.6560952966596578,2
9.048946292366873,0.06744735635936883,0.06330269830724297,1.2381229030016088,1.3920216158180911,-1.1225223214052835,2
9.063762530276854,0.07646019280981753,-0.8787899012868178,1.2227392983737406,1.3073590772992962,-1.3175717694379738,2
8.894787527245338,0.15156138844326922,-0.04655043514128226,1.1625735977060485,1.2218196625650504,-0.2982708111148968,2
8.839844799995783,0.12275373033043854,-0.0852888542529924,1.1302422263015293,1.2312049579538775,-0.9849773915599391,2
8.94070889121479,0.12133537823473145,0.8816008732675125,1.0909316233430228,1.2392528498438204,-0.5537716910387985,2
8.998737178038391,0.1424949069131354,-0.4789133022609521,1.12506398420498,1.2758113921697958,-0.9516145960688427,2
9.008837453505349,0.14536276715286603,-0.4673987499959145,1.170794431454008,1.244656098075815,-0.3490905416586627,2
9.00704742183365,0.1980541996414963,-0.45383248426589445,1.2147831841885228,1.274607866100274,-0.3193739877186402,2
8.947592301443711,0.16118725994614921,0.7210363130346369,1.1700640734564787,1.2782140755917448,-0.41422421010335075,2
9.037241015601744,0.2204215859316922,0.4543076630203383,1.2073228964106768,1.2707101546565638,0.5193122112735921,2
8.99914246451965,0.10328256856315288,0.5449090333020952,1.213468290317579,1.2602606569555321,0.8089053162190349,2
8.99251227505629,0.14146313182791592,-0.5249178521908723,1.2144521060512457,1.255752287780321,-0.808126576164767,2
8.947135843639726,0.03929177989857933,0.09412364092798646,1.271301139901394,1.3149790876044096,-0.6905400005798246,2
9.021039927667093,0.033005223866255894,-0.010378736648080408,1.24065006440236,1.3279755129431308,-0.543434694859956,2
8.958257021177932,0.0679502482331021,0.08964525354505606,1.1762136095300597,1.2897377784417772,0.277238387287918,2
9.03060032925597,0.11463671464885636,0.25191834401068186,1.196443879686991,1.3235774955885395,0.40642859085177624,2
9.09084453424705,0.1421661769529075,-0.1167321374349046,1.1799846285782685,1.254362416919065,-1.1124893850637338,2
9.06148036574061,0.07059861963655953,0.3846561818653176,1.1230550208679322,1.2008734658125055,-0.8848381653026076,2
9.069571626521359,0.12060256310936991,-0.07312457262935848,1.1841751907125875,1.303973181266123,-1.1557292760085491,2
9.092401839617862,0.09335298854287463,0.31009858499025966,1.2336802334838648,1.2039631336334635,-0.5280463518314703,2
9.07691837360016,0.09351642118190767,-0.25086126750153737,1.2460688502908404,1.2965702660656466,-0.5251032446901883,2
9.058986568061725,0.1329808339556055,-0.7140650063012183,1.1925635392483,1.2636152182509717,-1.0501694658686325,2
9.07352624566378,0.1408499749435571,0.027416514964327433,1.1953231595238307,1.3123465082864012,-1.279850083088818,2
9.039061225053372,0.10089748108844603,-0.25414174211725277,1.1708879892768047,1.3287915291636956,-1.2117869615771686,2
