4.856726666666667,0.17751905049568314,3.2635033642515903,0.45768000000000003,0.45768000000000003,0.0,1
5.260238750000001,0.3454153991550429,3.1974201524335477,0.4443434424706487,0.46666,-1.4227540973886126,1
5.649912307692308,0.581514256458004,4.167245379472027,0.4457303654575366,0.46666,-1.026313226810177,1
6.338231200000001,0.5590036686557256,3.784868329061086,0.44085618178515074,0.45620000000000005,0.7583357457030293,1
7.20158,0.6426575713021672,4.162649446347041,0.45019129202837965,0.48534,0.33551224994782647,1
8.0542656,0.6386687340277741,4.864292994719542,0.4519459641071345,0.48534,0.0226387603299667,1
8.7970384,0.5002779410502126,3.9381271755346874,0.44848555168781895,0.47284000000000004,-1.1395716430059522,1
9.511880000000001,0.6043279971874673,4.040150468346367,0.45988707194859757,0.48786,-1.4209402505058026,1
10.313235384615384,0.6289271789644943,4.625316544273783,0.4508070557647393,0.48786,-1.0000899357394004,1
11.13971076923077,0.6277564118039312,4.313097119944744,0.4466889115175429,0.48786,-1.0393066302329452,1
11.971444615384616,0.6151390417760524,4.511011615913318,0.44806202975602716,0.47040000000000004,-0.9154572424313758,1
12.831571538461539,0.6426653338707258,4.228822074799548,0.4531253929603312,0.47040000000000004,-1.2293594744746832,1
13.634247692307694,0.631378971192346,3.9605335490232862,0.4386838417978778,0.44688000000000005,-1.1976339333952537,1
14.378300769230767,0.5061618739397288,3.591316085198923,0.44901266995689354,0.48256000000000004,-1.1639381446380452,1
15.19540076923077,0.669520779834485,4.168818509356311,0.4535728844308367,0.48256000000000004,-1.1401627288815734,1
16.045056923076924,0.6970286754655802,4.617540393854197,0.43926480967428044,0.47534000000000004,-0.41070833536194096,1
16.89545076923077,0.5487350848361875,3.5649962631991223,0.4422381504861997,0.4898,-1.084585953525023,1
17.579953076923076,0.5050873779987082,3.7277505681478944,0.45005547557041137,0.49238,-0.6569365314316751,1
18.3056688,0.6214294482904397,4.046407410867151,0.4563401746066195,0.49238,-0.5546249488412238,1
19.0905152,0.6188035202557914,4.613246374021137,0.45021405442300444,0.47712000000000004,-0.584693624488632,1
19.9590416,0.6150995085914468,3.8937936215933013,0.44874393384200756,0.47712000000000004,-1.2442556336930777,1
20.665539230769234,0.5862420777088004,4.329113199234318,0.4410053537089998,0.47712000000000004,-0.42492896798141366,1
21.46461846153846,0.5900271202091046,3.977254397284268,0.4351383196180268,0.4566,-1.0356728340932675,1
22.279018461538467,0.6483779270888964,4.9972100782034135,0.4341173490282008,0.46348,-1.5084978740845976,1
23.100730000000002,0.6143066874565555,4.3584712532204,0.4327947781990486,0.46348,-0.8336295581415216,1
23.95212153846154,0.6432734895331033,4.082189745636667,0.441108951373488,0.47616,-1.3295877561326517,1
24.720956153846153,0.5792546052941122,4.3378404404951345,0.4598640828055019,0.47616,-0.28308305120733035,1
25.471146153846156,0.5644779644883385,3.7584142102525773,0.45711332575392966,0.47574000000000005,-0.9556529726890566,1
26.29086230769231,0.6523922247408893,4.174157346305919,0.4434882877617155,0.46498,-1.2088245476435258,1
27.102286923076925,0.603080476245911,4.329897762128301,0.4523492056124138,0.48744,-0.8117355738885363,1
27.898310000000002,0.5901848964584683,3.770222166172456,0.4675595424211669,0.48744,0.4515302510902046,1
28.680495384615387,0.5934387935857783,4.026901807348108,0.4711918650710037,0.48744,-1.5618655701453608,1
29.47167615384615,0.6035053627706215,4.094141978762515,0.4637041271798607,0.48932000000000003,-0.8373619447189866,1
30.223265600000005,0.6127031562776876,4.123749656057624,0.45702629106789117,0.48932000000000003,-1.077012183329869,1
31.068243200000005,0.5458161330757458,3.7156861381120607,0.4454805286633546,0.4647200000000001,0.9339807926209214,1
31.804464000000003,0.5539387910735271,4.115964439207717,0.43961264954089263,0.45252,-0.7707211265449012,1
32.61205461538462,0.703664807999633,4.071755199992799,0.44646673971610384,0.4752,-1.0950559127569817,1
33.42491846153847,0.6123264962903129,4.12496094870773,0.4572931345527625,0.4752,-1.4670074239597408,1
34.17929769230769,0.4904891012143469,3.483758537885686,0.4599139335689985,0.48086000000000007,-1.422178443046356,1
34.91219384615385,0.5646541137524052,3.425260887759712,0.45615656785801084,0.48086000000000007,0.7598661436980372,1
35.70920384615385,0.6675318096026306,4.138444946167271,0.4359317940812635,0.46214000000000005,-1.622291763515476,1
36.560704615384616,0.7012562039721771,4.397630292184869,0.4361105988997828,0.46496000000000004,-1.521778417674062,1
37.42627769230769,0.6054557235498643,3.7649439135067473,0.4615194143065037,0.47850000000000004,-0.8818406120299747,1
38.1657928,0.5049797267338162,4.109667814889526,0.47922554652272037,0.49717999999999996,-1.4332383389554961,1
38.9417696,0.5903831375131215,3.576292904172888,0.4712590923048594,0.49717999999999996,-1.1304847581928463,1
39.6999256,0.5804896687871723,4.014023056773311,0.4448876045474857,0.47996,0.10855739233894379,1
40.5111232,0.5772681194919401,3.4843441096085166,0.4343442449025888,0.44738,-0.058314348631564705,1
41.274008461538465,0.6202025255864306,4.154098033264527,0.4344823926969152,0.44462,0.318453500718916,1
42.10810692307693,0.6454660112351108,4.216132085713422,0.4381721585694995,0.46090000000000003,-0.1622718402338128,1
42.90363692307692,0.5964679453297692,4.36607570632683,0.4431676994301162,0.4686,-0.13652269960722307,1
43.7381576923077,0.618462089114279,3.97586170009661,0.45574270520267746,0.49712,-1.063671744648838,1
44.536014615384616,0.6180106616595313,4.317211120340155,0.44077842951677293,0.49712,-1.3108167919230003,1
45.28826846153846,0.5293801165709854,3.883777781170084,0.4324226905155733,0.48498,-0.9217847101021359,1
46.08422,0.6289155169141424,4.027286166713135,0.4450665854167728,0.47398000000000007,-0.14051447804257533,1
46.90009461538461,0.645483806280999,4.181213287098525,0.46062772043849437,0.47916000000000003,-1.325525848315954,1
47.69117307692308,0.5509859142676002,4.199531150314043,0.4649691641388706,0.47916000000000003,-1.3711568853829408,1
48.40133840000001,0.5971437402011679,4.017684777610009,0.4638612512379106,0.48144000000000003,-1.2688862203215072,1
49.146313600000006,0.4821386172368291,3.8817907267240326,0.46150385382021364,0.48144000000000003,-0.7467583528336377,1
49.928791200000006,0.6380266660528847,4.770164116224694,0.4549470981433895,0.46736,-0.85490011098419,1
50.82136400000001,0.7309972458279156,5.091093957125403,0.44969531369988325,0.46736,-0.3189711749555526,1
51.651567692307694,0.5639334474120672,4.08009617618439,0.4527712847062471,0.46716,-1.695962594196619,1
52.42857769230769,0.6197218275056838,4.354190002404744,0.45426136781693105,0.46636000000000005,0.1783383695024372,1
53.21526384615385,0.6199037414859551,4.330912707832172,0.4481531199368035,0.4652200000000001,-1.3729475671205045,1
54.033844615384616,0.6224191826020493,3.928035779549615,0.4435273271482522,0.4652200000000001,-0.5205702662088121,1
54.83965846153846,0.5779116989224887,4.622903441416574,0.4524014288619828,0.46808000000000005,-0.9830096884385768,1
55.51757846153846,0.49014993611603935,3.0735550870113864,0.44375253918863794,0.46808000000000005,-1.1346324816852742,1
56.28112230769231,0.5997908487086758,3.9041400092607055,0.43930584463136013,0.46044,-1.0244301605878625,1
57.101948000000014,0.7897354334104552,5.341199629900383,0.4414314735494061,0.46044,-0.6083745149228643,1
58.0968632,0.6886285947168906,3.86213875801072,0.43637221515582314,0.45818000000000003,0.7972404346831632,1
58.918624,0.46025300596954355,3.7218306614910097,0.4522672136690875,0.47548,-1.0516839535211882,1
59.654208,0.6121248148278269,4.27829009899769,0.45657378474897137,0.47548,-1.0478036147282155,1
60.42279999999999,0.6417972329925742,4.0838715685496645,0.4414772654704574,0.46168000000000003,-0.7336913548337587,1
61.22527923076923,0.5663213092740451,4.248958500682579,0.4386461674910035,0.45670000000000005,-0.7443113279391231,1
61.89744769230769,0.550376342489026,3.977965645804276,0.4315917876883201,0.45670000000000005,-1.4153505063724163,1
62.74640384615385,0.6732344539156129,4.4748799863220645,0.4171130996831348,0.4476,-0.062135260340420384,1
63.53297615384615,0.6323595061725124,4.281293600161934,0.42461924398646417,0.45266,-1.150702420857434,1
64.32418692307692,0.5105121514094342,4.090386957780219,0.4430602672323484,0.45266,0.48264132522867254,1
65.08182153846155,0.657077527773798,3.6522802859593595,0.4507779851444712,0.46752000000000005,0.16413426636607342,1
65.97384923076925,0.6717754300641473,4.645838102758749,0.45894703338680104,0.48666000000000004,1.1387941052693122,1
66.75533,0.644845093509345,3.606499581401382,0.465292555906301,0.49200000000000005,-0.7937159221224959,1
67.63034384615385,0.5942516360812197,4.207882808223909,0.46063239751060026,0.49200000000000005,-0.70314326439139,1
68.3325416,0.5607043503000837,3.6780142547944084,0.4548062225527783,0.49200000000000005,-0.36460516929447806,1
69.09488,0.5263010135806316,4.012168455757939,0.44993706117431786,0.46694,-0.9552962051273073,1
69.8788112,0.630041613611802,4.419663949951641,0.4575270804106474,0.47630000000000006,0.5681736373653368,1
70.6819453846154,0.6324076186851373,4.305764068047535,0.4644507407484869,0.47644000000000003,-1.1614402575517515,1
71.52522,0.6774990904790927,4.604020707670571,0.464316566696786,0.47644000000000003,-1.274267676761553,1
72.31737307692308,0.5637647908601683,3.528378472260208,0.4576452159796832,0.47644000000000003,-0.3098779165005143,1
73.08412538461539,0.5713054144960856,4.308749285614033,0.45590557854171354,0.47640000000000005,-0.1182822467601592,1
73.87120692307693,0.6550689640016729,4.115939677159931,0.4640830337146772,0.47640000000000005,-1.1913724255941236,1
74.70629923076923,0.5640691668575853,3.890204420445324,0.460086026659442,0.4731,-1.1971483587319822,1
